customer_segment,customer_count,avg_recency,avg_frequency,avg_monetary
At Risk Customer,1519,455.07241606319946,1.0,43.89481237656353
High Value Customer,15197,114.71231164045535,1.1406198591827335,292.2265703757321
Need Attention,28070,330.9072319201995,1.0006412540078375,88.94946562166014
Potential Customer,48572,215.9817178621428,1.019867413324549,173.30986700156467
